srna_name;target_ltag;target_name;c1_rank;c2_ooi;c2_evo;intarna;targetrna2
ArcZ;STM1682;tpx;2660;2229;3347;1990;
ArcZ;STM2970;sdaC;1988;615;1147;4418;
ArcZ;STM3216;-;;6989;5792;3656;
ArcZ;b1892;flhD;2561;2178;2755;2509;
ArcZ;b2741;rpoS;439;850;1835;420;
ArcZ;b3546;eptB;1695;3573;1617;4275;
ChiX;STM0687;ybfM/chiP;2;2;3;8;11
ChiX;STM1313;celB;3;3;4;4;9
ChiX;b0619;dpiB/citA;308;234;598;4;8
ChiX;b0681;chiP;2;2;3;3;5
ChiX;b1737;chbC;3;3;4;2;1
CyaR;STM0833;ompX;7;8;15;84;122
CyaR;b0723;sdhA;61;68;115;376;
CyaR;b0814;ompX;7;8;15;70;183
CyaR;b1740;nadE;121;1068;1814;1813;
CyaR;b1824;yobF;13;18;35;54;
CyaR;b2416;ptsI;339;14;23;53;
CyaR;b2666;yqaE;235;389;776;661;
CyaR;b2687;luxS;40;43;86;556;89
DsrA;b1237;hns;4;4;4;8;4
DsrA;b2741;rpoS;3;3;3;1;43
DsrA;b3251;mreB;678;688;193;1683;
FnrS;b0723;sdhA;6;11;23;29;
FnrS;b0755;gpmA;2098;1790;3170;1874;
FnrS;b0887;cydD;71;39;80;315;
FnrS;b1107;nagZ;39;116;250;404;
FnrS;b1479;maeA;1288;222;398;333;162
FnrS;b1531;marA;100;17;13;96;
FnrS;b1656;sodB;118;198;476;116;
FnrS;b1841;yobA;207;36;75;5;
FnrS;b2153;folE;385;780;1999;539;146
FnrS;b2303;folX;;1709;3966;515;
FnrS;b2531;iscR;13;5;8;1;273
FnrS;b3829;metE;959;46;71;61;
FnrS;b3908;sodA;2257;847;1971;1103;
GcvB;STM0002;thrA;51;73;124;454;
GcvB;STM0245;metQ;175;145;200;1382;
GcvB;STM0399;brnQ;36;23;18;10;22
GcvB;STM0602;ybdH;35;342;678;746;28
GcvB;STM0665;gltI;169;4;5;132;2
GcvB;STM0959;lrp;5;12;15;1163;362
GcvB;STM1299;gdhA;117;143;291;417;174
GcvB;STM1452;tppB;69;67;117;2410;
GcvB;STM1746;oppA;8;35;47;3010;
GcvB;STM2355;argT;11;5;6;149;48
GcvB;STM2526;ndk;346;424;350;444;6
GcvB;STM3062;serA;151;114;235;891;
GcvB;STM3064;iciA;1106;319;388;108;29
GcvB;STM3225;ygjU/sstT;46;46;70;1405;45
GcvB;STM3564;livK;14;6;7;130;56
GcvB;STM3567;livJ;14;6;7;117;20
GcvB;STM3630;dppA;3;3;4;19;7
GcvB;STM3903;ilvE;9;20;24;959;
GcvB;STM3909;ilvC;2;2;3;33;39
GcvB;STM3930;yifK;23;64;84;470;90
GcvB;STM4351;-;53;39;44;230;126
GcvB;STM4398;cycA;21;7;8;27;26
GcvB;b1040;csgD;;2565;3757;2494;
GcvB;b1130;phoP;2052;700;1441;360;
GcvB;b3089;sstT;46;46;70;395;175
GcvB;b4208;cycA;21;7;8;172;27
MicA;STM4231;lamB;13;13;17;163;
MicA;b0411;tsx;390;104;244;419;
MicA;b0814;ompX;5;6;5;186;
MicA;b0957;ompA;2;2;2;54;32
MicA;b1130;phoP;472;133;299;61;105
MicC;STM1572;ompD;16;7569;99;92;
MicC;b2215;ompC;2;2;2;1;1
MicF;STM0366;yahO;;862;1425;122;
MicF;STM0959;lrp;2;2;2;3;
MicF;STM1328;lpxR;;7953;3261;301;
MicF;b0241;phoE;25;29;101;189;2
MicF;b0889;lrp;2;2;2;2;
MicF;b0929;ompF;;5;6;8;51
MicF;b3912;cpxR;13;45;78;287;
OxyS;b1892;flhD;277;484;1490;385;
OxyS;b2731;fhlA;3018;2900;2575;2922;237
RprA;b1040;csgD;472;28;70;10;3
RprA;b1341;ydaM;;762;1821;436;
RprA;b2741;rpoS;3;4;4;35;
RybB;STM0413;tsx;430;15;21;51;
RybB;STM0687;ybfM/chiP;455;744;2008;660;
RybB;STM0999;ompF;2;3;5;648;64
RybB;STM1070;ompA;12;129;177;1049;152
RybB;STM1473;ompN;2;3;5;58;
RybB;STM1530;-;2;3;5;60;
RybB;STM1572;ompD;2;3;5;1196;104
RybB;STM1732;ompW;740;50;40;2495;
RybB;STM1995;ompS;2;3;5;786;
RybB;STM2267;ompC;2;3;5;81;88
RybB;STM2391;fadL;139;196;475;898;
RybB;b0081;mraZ;5;5;10;50;
RybB;b0721;sdhC;1309;1150;2035;1569;
RybB;b0805;fiu;;1414;3826;193;
RybB;b1256;ompW;740;50;40;292;
RybB;b2215;ompC;2;3;5;133;237
RybB;b2594;rluD;1098;643;1741;418;
RyhB;b0118;acnB;3;11;9;620;73
RyhB;b0156;erpA;9;7;8;153;
RyhB;b0288;ykgJ;1138;849;1772;624;
RyhB;b0592;fepB;411;599;1409;197;60
RyhB;b0683;fur;1574;2653;868;3923;
RyhB;b0721;sdhC;4;8;11;157;47
RyhB;b0723;sdhA;154;410;537;1329;
RyhB;b0894;dmsA;188;4;6;14;146
RyhB;b1107;nagZ;44;24;41;17;
RyhB;b1200;dhaK;;819;1183;905;
RyhB;b1452;yncE;1028;1578;1542;3495;
RyhB;b1531;marA;470;86;44;1221;
RyhB;b1588;ynfF;188;4;6;182;
RyhB;b1612;fumA;88;74;135;447;
RyhB;b1656;sodB;19;28;37;842;20
RyhB;b1778;msrB;563;190;372;298;53
RyhB;b1981;shiA;234;912;2075;515;31
RyhB;b2069;yegD;502;1550;1044;2944;
RyhB;b2155;cirA;1024;103;181;149;4
RyhB;b2206;napA;81;193;384;270;238
RyhB;b2530;iscS;7;3;5;250;
RyhB;b3365;nirB;70;85;147;63;6
RyhB;b3607;cysE;43;23;40;74;16
RyhB;b3942;katG;535;576;819;1083;
RyhB;b4070;nrfA;627;513;1195;694;114
RyhB;b4122;fumB;88;74;135;249;104
SgrS;STM2945;sopD;;7741;7029;3239;
SgrS;STM3962;yigL;213;855;2117;590;269
SgrS;b1101;ptsG;2;6;13;25;8
SgrS;b1817;manX;981;1316;2722;1517;
SgrS;b2416;ptsI;12;25;67;130;
Spot42;STM2190;mglB;194;137;308;93;15
Spot42;b0039;caiA;;5402;2725;1099;178
Spot42;b0720;gltA;250;40;64;326;161
Spot42;b0721;sdhC;6;16;32;42;163
Spot42;b0728;sucC;2;7;15;187;
Spot42;b0757;galK;27;13;23;7;
Spot42;b1136;icd;748;96;207;82;
Spot42;b1302;puuE;273;53;98;1;275
Spot42;b1398;paaK;120;179;426;14;18
Spot42;b1761;gdhA;169;37;69;49;
Spot42;b1901;araF;;258;644;152;
Spot42;b2221;atoD;;699;1777;136;97
Spot42;b2702;srlA;;950;1781;781;
Spot42;b2715;ascF;3;5;5;214;
Spot42;b2801;fucP;;186;442;31;57
Spot42;b2802;fucI;;1844;1976;2005;
Spot42;b3224;nanT;37;8;16;5;1
Spot42;b3566;xylF;;110;247;180;
Spot42;b3927;glpF;5;24;45;74;112
Spot42;b3962;sthA;1684;1198;2808;557;
Spot42;b4311;nanC;;69;132;35;
